full_task_json,task_category_L1,task_category_L2,task_capability,task,policy_model,sumpass@10,difficulty,grader_summary
"{""task_id"": ""item-addon-order-001"", ""start_url"": ""https://dashdoor.rlgym.turing.com/home"", ""task_statement"": ""Log in using email 'kai.hayes1@example.com' and password 'cb99JpX9M02b'. Order Tiramisu from Olive Garden, select the Chocolate Sauce add on"", ""task_type"": ""GUI Comprehension, Action Execution"", ""grader_config"": {""state_grader_configs"": [{""assertions"": [{""operator"": ""ARRAY_STRING_EQUALS"", ""path_to_actual"": ""$.restaurantId"", ""paths_to_expected"": [""$[1].restaurants[0].id""]}, {""operator"": ""ARRAY_STRING_EQUALS"", ""path_to_actual"": ""$.items[0].name"", ""paths_to_expected"": [""$[2].items[0].name""]}, {""expected"": [""==1""], ""operator"": ""ARRAY_LENGTH_MATCH"", ""path_to_actual"": ""$.items[*]""}, {""operator"": ""NUMERIC_MATCH"", ""path_to_actual"": ""$.items[0].quantity"", ""expected"": [""==1""]}, {""operator"": ""STRING_EQUALS"", ""path_to_actual"": ""$.items[0].modifications[0].options[0].id"", ""paths_to_expected"": [""$[3].modifications[0].options[0].id""]}], ""path_to_actual"": ""$.orders[0]""}], ""extract_states_config"": {""expected_state_functions"": [{""args"": {""user"": ""kai.hayes1@example.com""}, ""function"": ""get_user_address""}, {""args"": {""lat"": ""$[0].address.lat"", ""lng"": ""$[0].address.lng"", ""limit"": 1, ""name"": ""Olive Garden""}, ""function"": ""get_restaurants""}, {""args"": {""limit"": 1, ""keywords"": [""Tiramisu""], ""restaurant_id"": ""$[1].restaurants[0].id""}, ""function"": ""get_items""}, {""args"": {""item_id"": ""$[2].items[0].id"", ""modification_name"": ""add-ons"", ""option_name"": ""Chocolate Sauce""}, ""function"": ""get_modifications""}]}}, ""template_id"": ""item-addon-order""}","[""Order placement""]","[""Customizations""]","[""Search and filtering"", ""Instruction following""]","Log in using email 'kai.hayes1@example.com' and password 'cb99JpX9M02b'. Order Tiramisu from Olive Garden, select the Chocolate Sauce add on",,,,
"{""task_id"": ""item-addon-order-002"", ""start_url"": ""https://dashdoor.rlgym.turing.com/home"", ""task_statement"": ""Log in using email 'nora.chambers2@mail.test' and password 'UVRBoMFTXptv'. Order Thai Calamari from Uncle's Basil, select the Avocado add on"", ""task_type"": ""GUI Comprehension, Action Execution"", ""grader_config"": {""state_grader_configs"": [{""assertions"": [{""operator"": ""ARRAY_STRING_EQUALS"", ""path_to_actual"": ""$.restaurantId"", ""paths_to_expected"": [""$[1].restaurants[0].id""]}, {""operator"": ""ARRAY_STRING_EQUALS"", ""path_to_actual"": ""$.items[0].name"", ""paths_to_expected"": [""$[2].items[0].name""]}, {""expected"": [""==1""], ""operator"": ""ARRAY_LENGTH_MATCH"", ""path_to_actual"": ""$.items[*]""}, {""operator"": ""NUMERIC_MATCH"", ""path_to_actual"": ""$.items[0].quantity"", ""expected"": [""==1""]}, {""operator"": ""STRING_EQUALS"", ""path_to_actual"": ""$.items[0].modifications[0].options[0].id"", ""paths_to_expected"": [""$[3].modifications[0].options[0].id""]}], ""path_to_actual"": ""$.orders[0]""}], ""extract_states_config"": {""expected_state_functions"": [{""args"": {""user"": ""nora.chambers2@mail.test""}, ""function"": ""get_user_address""}, {""args"": {""lat"": ""$[0].address.lat"", ""lng"": ""$[0].address.lng"", ""limit"": 1, ""name"": ""Uncle's Basil""}, ""function"": ""get_restaurants""}, {""args"": {""limit"": 1, ""keywords"": [""Thai Calamari""], ""restaurant_id"": ""$[1].restaurants[0].id""}, ""function"": ""get_items""}, {""args"": {""item_id"": ""$[2].items[0].id"", ""modification_name"": ""add-ons"", ""option_name"": ""Avocado""}, ""function"": ""get_modifications""}]}}, ""template_id"": ""item-addon-order""}","[""Order placement""]","[""Customizations""]","[""Search and filtering"", ""Instruction following""]","Log in using email 'nora.chambers2@mail.test' and password 'UVRBoMFTXptv'. Order Thai Calamari from Uncle's Basil, select the Avocado add on",,,,
"{""task_id"": ""item-addon-order-003"", ""start_url"": ""https://dashdoor.rlgym.turing.com/home"", ""task_statement"": ""Log in using email 'hannah.young3@example.com' and password 'PvFMKFl8zE8A'. Order Ahi Poke Nachos from Vegetarian/Vegan Grill, select the Milk add on"", ""task_type"": ""GUI Comprehension, Action Execution"", ""grader_config"": {""state_grader_configs"": [{""assertions"": [{""operator"": ""ARRAY_STRING_EQUALS"", ""path_to_actual"": ""$.restaurantId"", ""paths_to_expected"": [""$[1].restaurants[0].id""]}, {""operator"": ""ARRAY_STRING_EQUALS"", ""path_to_actual"": ""$.items[0].name"", ""paths_to_expected"": [""$[2].items[0].name""]}, {""expected"": [""==1""], ""operator"": ""ARRAY_LENGTH_MATCH"", ""path_to_actual"": ""$.items[*]""}, {""operator"": ""NUMERIC_MATCH"", ""path_to_actual"": ""$.items[0].quantity"", ""expected"": [""==1""]}, {""operator"": ""STRING_EQUALS"", ""path_to_actual"": ""$.items[0].modifications[0].options[0].id"", ""paths_to_expected"": [""$[3].modifications[0].options[0].id""]}], ""path_to_actual"": ""$.orders[0]""}], ""extract_states_config"": {""expected_state_functions"": [{""args"": {""user"": ""hannah.young3@example.com""}, ""function"": ""get_user_address""}, {""args"": {""lat"": ""$[0].address.lat"", ""lng"": ""$[0].address.lng"", ""limit"": 1, ""name"": ""Vegetarian/Vegan Grill""}, ""function"": ""get_restaurants""}, {""args"": {""limit"": 1, ""keywords"": [""Ahi Poke Nachos""], ""restaurant_id"": ""$[1].restaurants[0].id""}, ""function"": ""get_items""}, {""args"": {""item_id"": ""$[2].items[0].id"", ""modification_name"": ""add-ons"", ""option_name"": ""Milk""}, ""function"": ""get_modifications""}]}}, ""template_id"": ""item-addon-order""}","[""Order placement""]","[""Customizations""]","[""Search and filtering"", ""Instruction following""]","Log in using email 'hannah.young3@example.com' and password 'PvFMKFl8zE8A'. Order Ahi Poke Nachos from Vegetarian/Vegan Grill, select the Milk add on",,,,
"{""task_id"": ""item-addon-order-004"", ""start_url"": ""https://dashdoor.rlgym.turing.com/home"", ""task_statement"": ""Log in using email 'elias.fischer4@example.com' and password '0cdkbx9ZFqJD'. Order Baba Ganoush from The Sal's Pita, select the Mild add on"", ""task_type"": ""GUI Comprehension, Action Execution"", ""grader_config"": {""state_grader_configs"": [{""assertions"": [{""operator"": ""ARRAY_STRING_EQUALS"", ""path_to_actual"": ""$.restaurantId"", ""paths_to_expected"": [""$[1].restaurants[0].id""]}, {""operator"": ""ARRAY_STRING_EQUALS"", ""path_to_actual"": ""$.items[0].name"", ""paths_to_expected"": [""$[2].items[0].name""]}, {""expected"": [""==1""], ""operator"": ""ARRAY_LENGTH_MATCH"", ""path_to_actual"": ""$.items[*]""}, {""operator"": ""NUMERIC_MATCH"", ""path_to_actual"": ""$.items[0].quantity"", ""expected"": [""==1""]}, {""operator"": ""STRING_EQUALS"", ""path_to_actual"": ""$.items[0].modifications[0].options[0].id"", ""paths_to_expected"": [""$[3].modifications[0].options[0].id""]}], ""path_to_actual"": ""$.orders[0]""}], ""extract_states_config"": {""expected_state_functions"": [{""args"": {""user"": ""elias.fischer4@example.com""}, ""function"": ""get_user_address""}, {""args"": {""lat"": ""$[0].address.lat"", ""lng"": ""$[0].address.lng"", ""limit"": 1, ""name"": ""The Sal's Pita""}, ""function"": ""get_restaurants""}, {""args"": {""limit"": 1, ""keywords"": [""Baba Ganoush""], ""restaurant_id"": ""$[1].restaurants[0].id""}, ""function"": ""get_items""}, {""args"": {""item_id"": ""$[2].items[0].id"", ""modification_name"": ""add-ons"", ""option_name"": ""Mild""}, ""function"": ""get_modifications""}]}}, ""template_id"": ""item-addon-order""}","[""Order placement""]","[""Customizations""]","[""Search and filtering"", ""Instruction following""]","Log in using email 'elias.fischer4@example.com' and password '0cdkbx9ZFqJD'. Order Baba Ganoush from The Sal's Pita, select the Mild add on",,,,
"{""task_id"": ""item-addon-order-005"", ""start_url"": ""https://dashdoor.rlgym.turing.com/home"", ""task_statement"": ""Log in using email 'quinn.chambers5@inbox.local' and password 'B853IgN95Dci'. Order Orange Chicken from Golden Dragon Chinese, select the Mild add on"", ""task_type"": ""GUI Comprehension, Action Execution"", ""grader_config"": {""state_grader_configs"": [{""assertions"": [{""operator"": ""ARRAY_STRING_EQUALS"", ""path_to_actual"": ""$.restaurantId"", ""paths_to_expected"": [""$[1].restaurants[0].id""]}, {""operator"": ""ARRAY_STRING_EQUALS"", ""path_to_actual"": ""$.items[0].name"", ""paths_to_expected"": [""$[2].items[0].name""]}, {""expected"": [""==1""], ""operator"": ""ARRAY_LENGTH_MATCH"", ""path_to_actual"": ""$.items[*]""}, {""operator"": ""NUMERIC_MATCH"", ""path_to_actual"": ""$.items[0].quantity"", ""expected"": [""==1""]}, {""operator"": ""STRING_EQUALS"", ""path_to_actual"": ""$.items[0].modifications[0].options[0].id"", ""paths_to_expected"": [""$[3].modifications[0].options[0].id""]}], ""path_to_actual"": ""$.orders[0]""}], ""extract_states_config"": {""expected_state_functions"": [{""args"": {""user"": ""quinn.chambers5@inbox.local""}, ""function"": ""get_user_address""}, {""args"": {""lat"": ""$[0].address.lat"", ""lng"": ""$[0].address.lng"", ""limit"": 1, ""name"": ""Golden Dragon Chinese""}, ""function"": ""get_restaurants""}, {""args"": {""limit"": 1, ""keywords"": [""Orange Chicken""], ""restaurant_id"": ""$[1].restaurants[0].id""}, ""function"": ""get_items""}, {""args"": {""item_id"": ""$[2].items[0].id"", ""modification_name"": ""add-ons"", ""option_name"": ""Mild""}, ""function"": ""get_modifications""}]}}, ""template_id"": ""item-addon-order""}","[""Order placement""]","[""Customizations""]","[""Search and filtering"", ""Instruction following""]","Log in using email 'quinn.chambers5@inbox.local' and password 'B853IgN95Dci'. Order Orange Chicken from Golden Dragon Chinese, select the Mild add on",,,,
"{""task_id"": ""nearest-cheapest-choice-001"", ""start_url"": ""https://dashdoor.rlgym.turing.com/home"", ""task_statement"": ""Log in using email 'lena.owens6@mail.test' and password 'gWk7J6rWs77h'. Order from the nearest Wings restaurant. Get either a Chili Crisp Seared Scallops or a Lemon Olive Oil Cake, choosing the cheaper option, and if they cost the same, pick the one with the higher rating. Have it delivered to my hotel address."", ""grader_config"": {""state_grader_configs"": [{""assertions"": [{""operator"": ""STRING_EQUALS"", ""paths_to_expected"": [""$.address.id""]}], ""path_to_actual"": ""$.orders[0].deliveryAddress.id""}, {""assertions"": [{""operator"": ""STRING_EQUALS"", ""path_to_actual"": ""$.items[0].id"", ""paths_to_expected"": [""$.items[0].id""]}, {""expected"": [""==1""], ""operator"": ""ARRAY_LENGTH_MATCH"", ""path_to_actual"": ""$.items[*]""}], ""path_to_actual"": ""$.orders[0]""}], ""extract_states_config"": {""expected_state_functions"": [{""args"": {""type"": ""hotel"", ""user"": ""lena.owens6@mail.test""}, ""function"": ""get_user_address""}, {""args"": {""lat"": ""$[0].address.lat"", ""lng"": ""$[0].address.lng"", ""limit"": 1, ""filters"": {""cuisines"": [""Wings""]}, ""sort_type"": [{""key"": ""distance"", ""order"": ""asc""}]}, ""function"": ""get_restaurants""}, {""args"": {""limit"": 1, ""keywords"": [""Chili Crisp Seared Scallops"", ""Lemon Olive Oil Cake""], ""sort_type"": [{""key"": ""price"", ""order"": ""asc""}, {""key"": ""rating"", ""order"": ""desc""}], ""restaurant_id"": ""$[1].restaurants[0].id""}, ""function"": ""get_items""}]}}, ""template_id"": ""nearest-cheapest-choice""}","[""Menu Viewing""]","[""Restaurant discovery & filtering"", ""Price & rating tradeoffs""]","[""Search and filtering"", ""Decision making"", ""Instruction following""]","Log in using email 'lena.owens6@mail.test' and password 'gWk7J6rWs77h'. Order from the nearest Wings restaurant. Get either a Chili Crisp Seared Scallops or a Lemon Olive Oil Cake, choosing the cheaper option, and if they cost the same, pick the one with the higher rating. Have it delivered to my hotel address.",,,,
"{""task_id"": ""nearest-cheapest-choice-002"", ""start_url"": ""https://dashdoor.rlgym.turing.com/home"", ""task_statement"": ""Log in using email 'willow.lopez7@inbox.local' and password 'aksrCoAqUvlP'. Order from the nearest Breakfast & Brunch restaurant. Get either a Kimchi Slaw or a Cardamom Churros, choosing the cheaper option, and if they cost the same, pick the one with the higher rating. Have it delivered to my office address."", ""grader_config"": {""state_grader_configs"": [{""assertions"": [{""operator"": ""STRING_EQUALS"", ""paths_to_expected"": [""$.address.id""]}], ""path_to_actual"": ""$.orders[0].deliveryAddress.id""}, {""assertions"": [{""operator"": ""STRING_EQUALS"", ""path_to_actual"": ""$.items[0].id"", ""paths_to_expected"": [""$.items[0].id""]}, {""expected"": [""==1""], ""operator"": ""ARRAY_LENGTH_MATCH"", ""path_to_actual"": ""$.items[*]""}], ""path_to_actual"": ""$.orders[0]""}], ""extract_states_config"": {""expected_state_functions"": [{""args"": {""type"": ""office"", ""user"": ""willow.lopez7@inbox.local""}, ""function"": ""get_user_address""}, {""args"": {""lat"": ""$[0].address.lat"", ""lng"": ""$[0].address.lng"", ""limit"": 1, ""filters"": {""cuisines"": [""Breakfast & Brunch""]}, ""sort_type"": [{""key"": ""distance"", ""order"": ""asc""}]}, ""function"": ""get_restaurants""}, {""args"": {""limit"": 1, ""keywords"": [""Kimchi Slaw"", ""Cardamom Churros""], ""sort_type"": [{""key"": ""price"", ""order"": ""asc""}, {""key"": ""rating"", ""order"": ""desc""}], ""restaurant_id"": ""$[1].restaurants[0].id""}, ""function"": ""get_items""}]}}, ""template_id"": ""nearest-cheapest-choice""}","[""Menu Viewing""]","[""Restaurant discovery & filtering"", ""Price & rating tradeoffs""]","[""Search and filtering"", ""Decision making"", ""Instruction following""]","Log in using email 'willow.lopez7@inbox.local' and password 'aksrCoAqUvlP'. Order from the nearest Breakfast & Brunch restaurant. Get either a Kimchi Slaw or a Cardamom Churros, choosing the cheaper option, and if they cost the same, pick the one with the higher rating. Have it delivered to my office address.",,,,
"{""task_id"": ""nearest-cheapest-choice-003"", ""start_url"": ""https://dashdoor.rlgym.turing.com/home"", ""task_statement"": ""Log in using email 'aiden.reed8@dashdoor.test' and password '2RlTZQcYTbYT'. Order from the nearest Fast Food restaurant. Get either a Mini Cheeseburger Sliders or a Garlic Herb Fries, choosing the cheaper option, and if they cost the same, pick the one with the higher rating. Have it delivered to my other address."", ""grader_config"": {""state_grader_configs"": [{""assertions"": [{""operator"": ""STRING_EQUALS"", ""paths_to_expected"": [""$.address.id""]}], ""path_to_actual"": ""$.orders[0].deliveryAddress.id""}, {""assertions"": [{""operator"": ""STRING_EQUALS"", ""path_to_actual"": ""$.items[0].id"", ""paths_to_expected"": [""$.items[0].id""]}, {""expected"": [""==1""], ""operator"": ""ARRAY_LENGTH_MATCH"", ""path_to_actual"": ""$.items[*]""}], ""path_to_actual"": ""$.orders[0]""}], ""extract_states_config"": {""expected_state_functions"": [{""args"": {""type"": ""other"", ""user"": ""aiden.reed8@dashdoor.test""}, ""function"": ""get_user_address""}, {""args"": {""lat"": ""$[0].address.lat"", ""lng"": ""$[0].address.lng"", ""limit"": 1, ""filters"": {""cuisines"": [""Fast Food""]}, ""sort_type"": [{""key"": ""distance"", ""order"": ""asc""}]}, ""function"": ""get_restaurants""}, {""args"": {""limit"": 1, ""keywords"": [""Mini Cheeseburger Sliders"", ""Garlic Herb Fries""], ""sort_type"": [{""key"": ""price"", ""order"": ""asc""}, {""key"": ""rating"", ""order"": ""desc""}], ""restaurant_id"": ""$[1].restaurants[0].id""}, ""function"": ""get_items""}]}}, ""template_id"": ""nearest-cheapest-choice""}","[""Menu Viewing""]","[""Restaurant discovery & filtering"", ""Price & rating tradeoffs""]","[""Search and filtering"", ""Decision making"", ""Instruction following""]","Log in using email 'aiden.reed8@dashdoor.test' and password '2RlTZQcYTbYT'. Order from the nearest Fast Food restaurant. Get either a Mini Cheeseburger Sliders or a Garlic Herb Fries, choosing the cheaper option, and if they cost the same, pick the one with the higher rating. Have it delivered to my other address.",,,,
"{""task_id"": ""nearest-cheapest-choice-004"", ""start_url"": ""https://dashdoor.rlgym.turing.com/home"", ""task_statement"": ""Log in using email 'willow.nguyen9@dashdoor.test' and password 'nZzih6tZg1v6'. Order from the nearest Chicken restaurant. Get either a Chick-fil-A Deluxe Sandwich or a Chick-fil-A Nuggets (12 pc), choosing the cheaper option, and if they cost the same, pick the one with the higher rating. Have it delivered to my office address."", ""grader_config"": {""state_grader_configs"": [{""assertions"": [{""operator"": ""STRING_EQUALS"", ""paths_to_expected"": [""$.address.id""]}], ""path_to_actual"": ""$.orders[0].deliveryAddress.id""}, {""assertions"": [{""operator"": ""STRING_EQUALS"", ""path_to_actual"": ""$.items[0].id"", ""paths_to_expected"": [""$.items[0].id""]}, {""expected"": [""==1""], ""operator"": ""ARRAY_LENGTH_MATCH"", ""path_to_actual"": ""$.items[*]""}], ""path_to_actual"": ""$.orders[0]""}], ""extract_states_config"": {""expected_state_functions"": [{""args"": {""type"": ""office"", ""user"": ""willow.nguyen9@dashdoor.test""}, ""function"": ""get_user_address""}, {""args"": {""lat"": ""$[0].address.lat"", ""lng"": ""$[0].address.lng"", ""limit"": 1, ""filters"": {""cuisines"": [""Chicken""]}, ""sort_type"": [{""key"": ""distance"", ""order"": ""asc""}]}, ""function"": ""get_restaurants""}, {""args"": {""limit"": 1, ""keywords"": [""Chick-fil-A Deluxe Sandwich"", ""Chick-fil-A Nuggets (12 pc)""], ""sort_type"": [{""key"": ""price"", ""order"": ""asc""}, {""key"": ""rating"", ""order"": ""desc""}], ""restaurant_id"": ""$[1].restaurants[0].id""}, ""function"": ""get_items""}]}}, ""template_id"": ""nearest-cheapest-choice""}","[""Menu Viewing""]","[""Restaurant discovery & filtering"", ""Price & rating tradeoffs""]","[""Search and filtering"", ""Decision making"", ""Instruction following""]","Log in using email 'willow.nguyen9@dashdoor.test' and password 'nZzih6tZg1v6'. Order from the nearest Chicken restaurant. Get either a Chick-fil-A Deluxe Sandwich or a Chick-fil-A Nuggets (12 pc), choosing the cheaper option, and if they cost the same, pick the one with the higher rating. Have it delivered to my office address.",,,,
"{""task_id"": ""nearest-cheapest-choice-005"", ""start_url"": ""https://dashdoor.rlgym.turing.com/home"", ""task_statement"": ""Log in using email 'jasper.greene10@dashdoor.test' and password '5pIrRzgiQXbh'. Order from the nearest Breakfast & Brunch restaurant. Get either a Citrus Shrimp Tacos or a Green Chile Turkey Burger, choosing the cheaper option, and if they cost the same, pick the one with the higher rating. Have it delivered to my office address."", ""grader_config"": {""state_grader_configs"": [{""assertions"": [{""operator"": ""STRING_EQUALS"", ""paths_to_expected"": [""$.address.id""]}], ""path_to_actual"": ""$.orders[0].deliveryAddress.id""}, {""assertions"": [{""operator"": ""STRING_EQUALS"", ""path_to_actual"": ""$.items[0].id"", ""paths_to_expected"": [""$.items[0].id""]}, {""expected"": [""==1""], ""operator"": ""ARRAY_LENGTH_MATCH"", ""path_to_actual"": ""$.items[*]""}], ""path_to_actual"": ""$.orders[0]""}], ""extract_states_config"": {""expected_state_functions"": [{""args"": {""type"": ""office"", ""user"": ""jasper.greene10@dashdoor.test""}, ""function"": ""get_user_address""}, {""args"": {""lat"": ""$[0].address.lat"", ""lng"": ""$[0].address.lng"", ""limit"": 1, ""filters"": {""cuisines"": [""Breakfast & Brunch""]}, ""sort_type"": [{""key"": ""distance"", ""order"": ""asc""}]}, ""function"": ""get_restaurants""}, {""args"": {""limit"": 1, ""keywords"": [""Citrus Shrimp Tacos"", ""Green Chile Turkey Burger""], ""sort_type"": [{""key"": ""price"", ""order"": ""asc""}, {""key"": ""rating"", ""order"": ""desc""}], ""restaurant_id"": ""$[1].restaurants[0].id""}, ""function"": ""get_items""}]}}, ""template_id"": ""nearest-cheapest-choice""}","[""Menu Viewing""]","[""Restaurant discovery & filtering"", ""Price & rating tradeoffs""]","[""Search and filtering"", ""Decision making"", ""Instruction following""]","Log in using email 'jasper.greene10@dashdoor.test' and password '5pIrRzgiQXbh'. Order from the nearest Breakfast & Brunch restaurant. Get either a Citrus Shrimp Tacos or a Green Chile Turkey Burger, choosing the cheaper option, and if they cost the same, pick the one with the higher rating. Have it delivered to my office address.",,,,
"{""task_id"": ""new-cheapest-restaurant-001"", ""start_url"": ""https://dashdoor.rlgym.turing.com/home"", ""task_statement"": ""Log in using email 'quinn.sawyer11@example.com' and password 'itAhCrNipR0H'. Help me find the best cheapest Wings or Mexican restaurant option that I have not ordered from in the past."", ""task_type"": ""Multi-Step Task Planning, GUI Comprehension, Decision Making"", ""simulator_config"": {""start_date"": ""today"", ""user_persona"": ""quinn.sawyer11@example.com""}, ""grader_config"": {""answer_grader_config"": {""assertions"": [{""operator"": ""STRING_CONTAINS"", ""paths_to_expected"": [""$.restaurants[0].name""]}]}, ""extract_states_config"": {""expected_state_functions"": [{""function"": ""get_orders"", ""args"": {}}, {""function"": ""get_restaurants"", ""args"": {""filters"": {""cuisines"": [""Mexican"", ""Wings""], ""restaurant_ids_not_in"": ""$[0].orders[*].storeId""}, ""sort_type"": [{""key"": ""priceRange"", ""order"": ""asc""}, {""key"": ""rating"", ""order"": ""desc""}], ""limit"": 1}}]}}, ""template_id"": ""new-cheapest-restaurant""}","[""Order History""]","[""Restaurant discovery & filtering"", ""Reorder & past orders""]","[""Order history analysis"", ""Search and filtering"", ""Decision making""]",Log in using email 'quinn.sawyer11@example.com' and password 'itAhCrNipR0H'. Help me find the best cheapest Wings or Mexican restaurant option that I have not ordered from in the past.,,,,
"{""task_id"": ""new-cheapest-restaurant-002"", ""start_url"": ""https://dashdoor.rlgym.turing.com/home"", ""task_statement"": ""Log in using email 'elias.young12@dashdoor.test' and password 'ZfTvMUHoXTBz'. Help me find the best cheapest Mediterranean or Desserts restaurant option that I have not ordered from in the past."", ""task_type"": ""Multi-Step Task Planning, GUI Comprehension, Decision Making"", ""simulator_config"": {""start_date"": ""today"", ""user_persona"": ""elias.young12@dashdoor.test""}, ""grader_config"": {""answer_grader_config"": {""assertions"": [{""operator"": ""STRING_CONTAINS"", ""paths_to_expected"": [""$.restaurants[0].name""]}]}, ""extract_states_config"": {""expected_state_functions"": [{""function"": ""get_orders"", ""args"": {}}, {""function"": ""get_restaurants"", ""args"": {""filters"": {""cuisines"": [""Desserts"", ""Mediterranean""], ""restaurant_ids_not_in"": ""$[0].orders[*].storeId""}, ""sort_type"": [{""key"": ""priceRange"", ""order"": ""asc""}, {""key"": ""rating"", ""order"": ""desc""}], ""limit"": 1}}]}}, ""template_id"": ""new-cheapest-restaurant""}","[""Order History""]","[""Restaurant discovery & filtering"", ""Reorder & past orders""]","[""Order history analysis"", ""Search and filtering"", ""Decision making""]",Log in using email 'elias.young12@dashdoor.test' and password 'ZfTvMUHoXTBz'. Help me find the best cheapest Mediterranean or Desserts restaurant option that I have not ordered from in the past.,,,,
"{""task_id"": ""new-cheapest-restaurant-003"", ""start_url"": ""https://dashdoor.rlgym.turing.com/home"", ""task_statement"": ""Log in using email 'milo.walsh13@dashdoor.test' and password 'bmncNnz5BhgJ'. Help me find the best cheapest Korean or Breakfast & Brunch restaurant option that I have not ordered from in the past."", ""task_type"": ""Multi-Step Task Planning, GUI Comprehension, Decision Making"", ""simulator_config"": {""start_date"": ""today"", ""user_persona"": ""milo.walsh13@dashdoor.test""}, ""grader_config"": {""answer_grader_config"": {""assertions"": [{""operator"": ""STRING_CONTAINS"", ""paths_to_expected"": [""$.restaurants[0].name""]}]}, ""extract_states_config"": {""expected_state_functions"": [{""function"": ""get_orders"", ""args"": {}}, {""function"": ""get_restaurants"", ""args"": {""filters"": {""cuisines"": [""Breakfast & Brunch"", ""Korean""], ""restaurant_ids_not_in"": ""$[0].orders[*].storeId""}, ""sort_type"": [{""key"": ""priceRange"", ""order"": ""asc""}, {""key"": ""rating"", ""order"": ""desc""}], ""limit"": 1}}]}}, ""template_id"": ""new-cheapest-restaurant""}","[""Order History""]","[""Restaurant discovery & filtering"", ""Reorder & past orders""]","[""Order history analysis"", ""Search and filtering"", ""Decision making""]",Log in using email 'milo.walsh13@dashdoor.test' and password 'bmncNnz5BhgJ'. Help me find the best cheapest Korean or Breakfast & Brunch restaurant option that I have not ordered from in the past.,,,,
"{""task_id"": ""new-cheapest-restaurant-004"", ""start_url"": ""https://dashdoor.rlgym.turing.com/home"", ""task_statement"": ""Log in using email 'elias.quintero14@inbox.local' and password 'M6GKHVjk9tCS'. Help me find the best cheapest Seafood or Mexican restaurant option that I have not ordered from in the past."", ""task_type"": ""Multi-Step Task Planning, GUI Comprehension, Decision Making"", ""simulator_config"": {""start_date"": ""today"", ""user_persona"": ""elias.quintero14@inbox.local""}, ""grader_config"": {""answer_grader_config"": {""assertions"": [{""operator"": ""STRING_CONTAINS"", ""paths_to_expected"": [""$.restaurants[0].name""]}]}, ""extract_states_config"": {""expected_state_functions"": [{""function"": ""get_orders"", ""args"": {}}, {""function"": ""get_restaurants"", ""args"": {""filters"": {""cuisines"": [""Mexican"", ""Seafood""], ""restaurant_ids_not_in"": ""$[0].orders[*].storeId""}, ""sort_type"": [{""key"": ""priceRange"", ""order"": ""asc""}, {""key"": ""rating"", ""order"": ""desc""}], ""limit"": 1}}]}}, ""template_id"": ""new-cheapest-restaurant""}","[""Order History""]","[""Restaurant discovery & filtering"", ""Reorder & past orders""]","[""Order history analysis"", ""Search and filtering"", ""Decision making""]",Log in using email 'elias.quintero14@inbox.local' and password 'M6GKHVjk9tCS'. Help me find the best cheapest Seafood or Mexican restaurant option that I have not ordered from in the past.,,,,
"{""task_id"": ""new-cheapest-restaurant-005"", ""start_url"": ""https://dashdoor.rlgym.turing.com/home"", ""task_statement"": ""Log in using email 'elias.chambers15@example.com' and password 'eaAXZY7rzsj6'. Help me find the best cheapest Chinese or Pizza restaurant option that I have not ordered from in the past."", ""task_type"": ""Multi-Step Task Planning, GUI Comprehension, Decision Making"", ""simulator_config"": {""start_date"": ""today"", ""user_persona"": ""elias.chambers15@example.com""}, ""grader_config"": {""answer_grader_config"": {""assertions"": [{""operator"": ""STRING_CONTAINS"", ""paths_to_expected"": [""$.restaurants[0].name""]}]}, ""extract_states_config"": {""expected_state_functions"": [{""function"": ""get_orders"", ""args"": {}}, {""function"": ""get_restaurants"", ""args"": {""filters"": {""cuisines"": [""Pizza"", ""Chinese""], ""restaurant_ids_not_in"": ""$[0].orders[*].storeId""}, ""sort_type"": [{""key"": ""priceRange"", ""order"": ""asc""}, {""key"": ""rating"", ""order"": ""desc""}], ""limit"": 1}}]}}, ""template_id"": ""new-cheapest-restaurant""}","[""Order History""]","[""Restaurant discovery & filtering"", ""Reorder & past orders""]","[""Order history analysis"", ""Search and filtering"", ""Decision making""]",Log in using email 'elias.chambers15@example.com' and password 'eaAXZY7rzsj6'. Help me find the best cheapest Chinese or Pizza restaurant option that I have not ordered from in the past.,,,,
"{""task_id"": ""hotel-cheapest-delivery-001"", ""start_url"": ""https://dashdoor.rlgym.turing.com/home"", ""task_statement"": ""Log in using email 'quinn.hayes16@dashdoor.test' and password '0bA2DAzqx2T4'. Add the hotel address 3716 N Paulina St, Stanton. Have the cheapest Traditional delivered nearby to my hotel. I want the delivery person to meet me at the hotel lobby."", ""task_type"": ""GUI Comprehension, Decision Making, Element Identification"", ""simulator_config"": {""start_date"": ""today"", ""user_persona"": ""quinn.hayes16@dashdoor.test""}, ""grader_config"": {""state_grader_configs"": [{""assertions"": [{""operator"": ""STRING_EQUALS"", ""expected"": [""hotel""], ""path_to_actual"": ""$.addressType""}, {""operator"": ""STRING_EQUALS"", ""expected"": [""3716 N Paulina St""], ""path_to_actual"": ""$.street""}, {""operator"": ""STRING_EQUALS"", ""expected"": [""Stanton""], ""path_to_actual"": ""$.city""}, {""operator"": ""STRING_EQUALS"", ""expected"": [""meet""], ""path_to_actual"": ""$.deliveryPreference""}, {""operator"": ""STRING_EQUALS"", ""expected"": [""lobby""], ""path_to_actual"": ""$.deliveryLocation""}], ""path_to_actual"": ""$.orders[0].deliveryAddress""}, {""assertions"": [{""operator"": ""STRING_EQUALS"", ""path_to_actual"": ""$.items[0].id"", ""paths_to_expected"": [""$.items[0].id""]}, {""expected"": [""==1""], ""operator"": ""ARRAY_LENGTH_MATCH"", ""path_to_actual"": ""$.items[*]""}], ""path_to_actual"": ""$.orders[0]""}], ""extract_states_config"": {""expected_state_functions"": [{""function"": ""get_items"", ""args"": {""limit"": 1, ""keywords"": [""Traditional""], ""sort_type"": [{""key"": ""price"", ""order"": ""asc""}]}}]}}, ""template_id"": ""hotel-cheapest-delivery""}","[""Address Entry & Validation""]","[""Address & delivery instructions"", ""Price filtering""]","[""Instruction following"", ""Search and filtering"", ""Order Placement""]","Log in using email 'quinn.hayes16@dashdoor.test' and password '0bA2DAzqx2T4'. Add the hotel address 3716 N Paulina St, Stanton. Have the cheapest Traditional delivered nearby to my hotel. I want the delivery person to meet me at the hotel lobby.",,,,
"{""task_id"": ""hotel-cheapest-delivery-002"", ""start_url"": ""https://dashdoor.rlgym.turing.com/home"", ""task_statement"": ""Log in using email 'victor.bennett17@example.com' and password 'otdHNYgt0sgC'. Add the hotel address 9020 S Exchange Ave #2, Charlestown. Have the cheapest Kale delivered nearby to my hotel. I want the delivery person to meet me at the hotel lobby."", ""task_type"": ""GUI Comprehension, Decision Making, Element Identification"", ""simulator_config"": {""start_date"": ""today"", ""user_persona"": ""victor.bennett17@example.com""}, ""grader_config"": {""state_grader_configs"": [{""assertions"": [{""operator"": ""STRING_EQUALS"", ""expected"": [""hotel""], ""path_to_actual"": ""$.addressType""}, {""operator"": ""STRING_EQUALS"", ""expected"": [""9020 S Exchange Ave #2""], ""path_to_actual"": ""$.street""}, {""operator"": ""STRING_EQUALS"", ""expected"": [""Charlestown""], ""path_to_actual"": ""$.city""}, {""operator"": ""STRING_EQUALS"", ""expected"": [""meet""], ""path_to_actual"": ""$.deliveryPreference""}, {""operator"": ""STRING_EQUALS"", ""expected"": [""lobby""], ""path_to_actual"": ""$.deliveryLocation""}], ""path_to_actual"": ""$.orders[0].deliveryAddress""}, {""assertions"": [{""operator"": ""STRING_EQUALS"", ""path_to_actual"": ""$.items[0].id"", ""paths_to_expected"": [""$.items[0].id""]}, {""expected"": [""==1""], ""operator"": ""ARRAY_LENGTH_MATCH"", ""path_to_actual"": ""$.items[*]""}], ""path_to_actual"": ""$.orders[0]""}], ""extract_states_config"": {""expected_state_functions"": [{""function"": ""get_items"", ""args"": {""limit"": 1, ""keywords"": [""Kale""], ""sort_type"": [{""key"": ""price"", ""order"": ""asc""}]}}]}}, ""template_id"": ""hotel-cheapest-delivery""}","[""Address Entry & Validation""]","[""Address & delivery instructions"", ""Price filtering""]","[""Instruction following"", ""Search and filtering"", ""Order Placement""]","Log in using email 'victor.bennett17@example.com' and password 'otdHNYgt0sgC'. Add the hotel address 9020 S Exchange Ave #2, Charlestown. Have the cheapest Kale delivered nearby to my hotel. I want the delivery person to meet me at the hotel lobby.",,,,
"{""task_id"": ""hotel-cheapest-delivery-003"", ""start_url"": ""https://dashdoor.rlgym.turing.com/home"", ""task_statement"": ""Log in using email 'yuna.nguyen18@mail.test' and password '1Bue6bsBu4Rs'. Add the hotel address 8612 Ramen, 276 5th Ave, Long Island City. Have the cheapest Spaghetti delivered nearby to my hotel. I want the delivery person to meet me at the hotel lobby."", ""task_type"": ""GUI Comprehension, Decision Making, Element Identification"", ""simulator_config"": {""start_date"": ""today"", ""user_persona"": ""yuna.nguyen18@mail.test""}, ""grader_config"": {""state_grader_configs"": [{""assertions"": [{""operator"": ""STRING_EQUALS"", ""expected"": [""hotel""], ""path_to_actual"": ""$.addressType""}, {""operator"": ""STRING_EQUALS"", ""expected"": [""8612 Ramen, 276 5th Ave""], ""path_to_actual"": ""$.street""}, {""operator"": ""STRING_EQUALS"", ""expected"": [""Long Island City""], ""path_to_actual"": ""$.city""}, {""operator"": ""STRING_EQUALS"", ""expected"": [""meet""], ""path_to_actual"": ""$.deliveryPreference""}, {""operator"": ""STRING_EQUALS"", ""expected"": [""lobby""], ""path_to_actual"": ""$.deliveryLocation""}], ""path_to_actual"": ""$.orders[0].deliveryAddress""}, {""assertions"": [{""operator"": ""STRING_EQUALS"", ""path_to_actual"": ""$.items[0].id"", ""paths_to_expected"": [""$.items[0].id""]}, {""expected"": [""==1""], ""operator"": ""ARRAY_LENGTH_MATCH"", ""path_to_actual"": ""$.items[*]""}], ""path_to_actual"": ""$.orders[0]""}], ""extract_states_config"": {""expected_state_functions"": [{""function"": ""get_items"", ""args"": {""limit"": 1, ""keywords"": [""Spaghetti""], ""sort_type"": [{""key"": ""price"", ""order"": ""asc""}]}}]}}, ""template_id"": ""hotel-cheapest-delivery""}","[""Address Entry & Validation""]","[""Address & delivery instructions"", ""Price filtering""]","[""Instruction following"", ""Search and filtering"", ""Order Placement""]","Log in using email 'yuna.nguyen18@mail.test' and password '1Bue6bsBu4Rs'. Add the hotel address 8612 Ramen, 276 5th Ave, Long Island City. Have the cheapest Spaghetti delivered nearby to my hotel. I want the delivery person to meet me at the hotel lobby.",,,,
"{""task_id"": ""hotel-cheapest-delivery-004"", ""start_url"": ""https://dashdoor.rlgym.turing.com/home"", ""task_statement"": ""Log in using email 'jasper.anderson19@inbox.local' and password 'SPrwfm74O5bF'. Add the hotel address 5551 N Clark St, El Segundo. Have the cheapest Veggie delivered nearby to my hotel. I want the delivery person to meet me at the hotel lobby."", ""task_type"": ""GUI Comprehension, Decision Making, Element Identification"", ""simulator_config"": {""start_date"": ""today"", ""user_persona"": ""jasper.anderson19@inbox.local""}, ""grader_config"": {""state_grader_configs"": [{""assertions"": [{""operator"": ""STRING_EQUALS"", ""expected"": [""hotel""], ""path_to_actual"": ""$.addressType""}, {""operator"": ""STRING_EQUALS"", ""expected"": [""5551 N Clark St""], ""path_to_actual"": ""$.street""}, {""operator"": ""STRING_EQUALS"", ""expected"": [""El Segundo""], ""path_to_actual"": ""$.city""}, {""operator"": ""STRING_EQUALS"", ""expected"": [""meet""], ""path_to_actual"": ""$.deliveryPreference""}, {""operator"": ""STRING_EQUALS"", ""expected"": [""lobby""], ""path_to_actual"": ""$.deliveryLocation""}], ""path_to_actual"": ""$.orders[0].deliveryAddress""}, {""assertions"": [{""operator"": ""STRING_EQUALS"", ""path_to_actual"": ""$.items[0].id"", ""paths_to_expected"": [""$.items[0].id""]}, {""expected"": [""==1""], ""operator"": ""ARRAY_LENGTH_MATCH"", ""path_to_actual"": ""$.items[*]""}], ""path_to_actual"": ""$.orders[0]""}], ""extract_states_config"": {""expected_state_functions"": [{""function"": ""get_items"", ""args"": {""limit"": 1, ""keywords"": [""Veggie""], ""sort_type"": [{""key"": ""price"", ""order"": ""asc""}]}}]}}, ""template_id"": ""hotel-cheapest-delivery""}","[""Address Entry & Validation""]","[""Address & delivery instructions"", ""Price filtering""]","[""Instruction following"", ""Search and filtering"", ""Order Placement""]","Log in using email 'jasper.anderson19@inbox.local' and password 'SPrwfm74O5bF'. Add the hotel address 5551 N Clark St, El Segundo. Have the cheapest Veggie delivered nearby to my hotel. I want the delivery person to meet me at the hotel lobby.",,,,
"{""task_id"": ""hotel-cheapest-delivery-005"", ""start_url"": ""https://dashdoor.rlgym.turing.com/home"", ""task_statement"": ""Log in using email 'quinn.patel20@example.com' and password 'S2v3y7X6Qd4V'. Add the hotel address 6017 Pio Cafe & Restaurant, 6300 Hudson Ave, Downtown. Have the cheapest Butter delivered nearby to my hotel. I want the delivery person to meet me at the hotel lobby."", ""task_type"": ""GUI Comprehension, Decision Making, Element Identification"", ""simulator_config"": {""start_date"": ""today"", ""user_persona"": ""quinn.patel20@example.com""}, ""grader_config"": {""state_grader_configs"": [{""assertions"": [{""operator"": ""STRING_EQUALS"", ""expected"": [""hotel""], ""path_to_actual"": ""$.addressType""}, {""operator"": ""STRING_EQUALS"", ""expected"": [""6017 Pio Cafe & Restaurant, 6300 Hudson Ave""], ""path_to_actual"": ""$.street""}, {""operator"": ""STRING_EQUALS"", ""expected"": [""Downtown""], ""path_to_actual"": ""$.city""}, {""operator"": ""STRING_EQUALS"", ""expected"": [""meet""], ""path_to_actual"": ""$.deliveryPreference""}, {""operator"": ""STRING_EQUALS"", ""expected"": [""lobby""], ""path_to_actual"": ""$.deliveryLocation""}], ""path_to_actual"": ""$.orders[0].deliveryAddress""}, {""assertions"": [{""operator"": ""STRING_EQUALS"", ""path_to_actual"": ""$.items[0].id"", ""paths_to_expected"": [""$.items[0].id""]}, {""expected"": [""==1""], ""operator"": ""ARRAY_LENGTH_MATCH"", ""path_to_actual"": ""$.items[*]""}], ""path_to_actual"": ""$.orders[0]""}], ""extract_states_config"": {""expected_state_functions"": [{""function"": ""get_items"", ""args"": {""limit"": 1, ""keywords"": [""Butter""], ""sort_type"": [{""key"": ""price"", ""order"": ""asc""}]}}]}}, ""template_id"": ""hotel-cheapest-delivery""}","[""Address Entry & Validation""]","[""Address & delivery instructions"", ""Price filtering""]","[""Instruction following"", ""Search and filtering"", ""Order Placement""]","Log in using email 'quinn.patel20@example.com' and password 'S2v3y7X6Qd4V'. Add the hotel address 6017 Pio Cafe & Restaurant, 6300 Hudson Ave, Downtown. Have the cheapest Butter delivered nearby to my hotel. I want the delivery person to meet me at the hotel lobby.",,,,
"{""task_id"": ""replace-payment-card-001"", ""start_url"": ""https://dashdoor.rlgym.turing.com/home"", ""task_statement"": ""Log in using email 'soren.young21@dashdoor.test' and password '1tpQP3JTkLoa'. Delete my current card details and add a new card 4253200929882094 with CVV 575 and expiry date May 2027. Use the zipcode of my current house address."", ""task_type"": ""GUI Comprehension, Action Execution, Information Retrieval"", ""simulator_config"": {""start_date"": ""today"", ""user_persona"": ""soren.young21@dashdoor.test""}, ""grader_config"": {""state_grader_configs"": [{""assertions"": [{""expected"": [""==1""], ""operator"": ""ARRAY_LENGTH_MATCH""}, {""operator"": ""STRING_EQUALS"", ""expected"": [""4253200929882094""], ""path_to_actual"": ""$[0].cardNumber""}, {""operator"": ""STRING_EQUALS"", ""expected"": [""575""], ""path_to_actual"": ""$[0].cvc""}, {""operator"": ""STRING_EQUALS"", ""expected"": [""05/27""], ""path_to_actual"": ""$[0].expiry""}, {""operator"": ""STRING_EQUALS"", ""paths_to_expected"": [""$.address.zipCode""], ""path_to_actual"": ""$[0].zipCode""}], ""path_to_actual"": ""$.user.currentUser.paymentMethods""}], ""extract_states_config"": {""expected_state_functions"": [{""args"": {""type"": ""house"", ""user"": ""soren.young21@dashdoor.test""}, ""function"": ""get_user_address""}]}}, ""template_id"": ""replace-payment-card""}","[""Payment & Checkout""]","[""Payment method management""]","[""Instruction following"", ""Form filling"", ""UI Elements: Text Fields""]",Log in using email 'soren.young21@dashdoor.test' and password '1tpQP3JTkLoa'. Delete my current card details and add a new card 4253200929882094 with CVV 575 and expiry date May 2027. Use the zipcode of my current house address.,,,,
"{""task_id"": ""replace-payment-card-002"", ""start_url"": ""https://dashdoor.rlgym.turing.com/home"", ""task_statement"": ""Log in using email 'milo.patel22@example.com' and password 'B9Q88zxNWtfc'. Delete my current card details and add a new card 1351193783994840 with CVV 865 and expiry date August 2029. Use the zipcode of my current house address."", ""task_type"": ""GUI Comprehension, Action Execution, Information Retrieval"", ""simulator_config"": {""start_date"": ""today"", ""user_persona"": ""milo.patel22@example.com""}, ""grader_config"": {""state_grader_configs"": [{""assertions"": [{""expected"": [""==1""], ""operator"": ""ARRAY_LENGTH_MATCH""}, {""operator"": ""STRING_EQUALS"", ""expected"": [""1351193783994840""], ""path_to_actual"": ""$[0].cardNumber""}, {""operator"": ""STRING_EQUALS"", ""expected"": [""865""], ""path_to_actual"": ""$[0].cvc""}, {""operator"": ""STRING_EQUALS"", ""expected"": [""08/29""], ""path_to_actual"": ""$[0].expiry""}, {""operator"": ""STRING_EQUALS"", ""paths_to_expected"": [""$.address.zipCode""], ""path_to_actual"": ""$[0].zipCode""}], ""path_to_actual"": ""$.user.currentUser.paymentMethods""}], ""extract_states_config"": {""expected_state_functions"": [{""args"": {""type"": ""house"", ""user"": ""milo.patel22@example.com""}, ""function"": ""get_user_address""}]}}, ""template_id"": ""replace-payment-card""}","[""Payment & Checkout""]","[""Payment method management""]","[""Instruction following"", ""Form filling"", ""UI Elements: Text Fields""]",Log in using email 'milo.patel22@example.com' and password 'B9Q88zxNWtfc'. Delete my current card details and add a new card 1351193783994840 with CVV 865 and expiry date August 2029. Use the zipcode of my current house address.,,,,
"{""task_id"": ""replace-payment-card-003"", ""start_url"": ""https://dashdoor.rlgym.turing.com/home"", ""task_statement"": ""Log in using email 'aiden.reed23@mail.test' and password 'yG3s6apzxDR9'. Delete my current card details and add a new card 0557748705499723 with CVV 665 and expiry date November 2027. Use the zipcode of my current house address."", ""task_type"": ""GUI Comprehension, Action Execution, Information Retrieval"", ""simulator_config"": {""start_date"": ""today"", ""user_persona"": ""aiden.reed23@mail.test""}, ""grader_config"": {""state_grader_configs"": [{""assertions"": [{""expected"": [""==1""], ""operator"": ""ARRAY_LENGTH_MATCH""}, {""operator"": ""STRING_EQUALS"", ""expected"": [""0557748705499723""], ""path_to_actual"": ""$[0].cardNumber""}, {""operator"": ""STRING_EQUALS"", ""expected"": [""665""], ""path_to_actual"": ""$[0].cvc""}, {""operator"": ""STRING_EQUALS"", ""expected"": [""11/27""], ""path_to_actual"": ""$[0].expiry""}, {""operator"": ""STRING_EQUALS"", ""paths_to_expected"": [""$.address.zipCode""], ""path_to_actual"": ""$[0].zipCode""}], ""path_to_actual"": ""$.user.currentUser.paymentMethods""}], ""extract_states_config"": {""expected_state_functions"": [{""args"": {""type"": ""house"", ""user"": ""aiden.reed23@mail.test""}, ""function"": ""get_user_address""}]}}, ""template_id"": ""replace-payment-card""}","[""Payment & Checkout""]","[""Payment method management""]","[""Instruction following"", ""Form filling"", ""UI Elements: Text Fields""]",Log in using email 'aiden.reed23@mail.test' and password 'yG3s6apzxDR9'. Delete my current card details and add a new card 0557748705499723 with CVV 665 and expiry date November 2027. Use the zipcode of my current house address.,,,,
"{""task_id"": ""replace-payment-card-004"", ""start_url"": ""https://dashdoor.rlgym.turing.com/home"", ""task_statement"": ""Log in using email 'quinn.kaufman24@dashdoor.test' and password 'W1WHLbA6RR3K'. Delete my current card details and add a new card 1511146328208842 with CVV 593 and expiry date October 2030. Use the zipcode of my current house address."", ""task_type"": ""GUI Comprehension, Action Execution, Information Retrieval"", ""simulator_config"": {""start_date"": ""today"", ""user_persona"": ""quinn.kaufman24@dashdoor.test""}, ""grader_config"": {""state_grader_configs"": [{""assertions"": [{""expected"": [""==1""], ""operator"": ""ARRAY_LENGTH_MATCH""}, {""operator"": ""STRING_EQUALS"", ""expected"": [""1511146328208842""], ""path_to_actual"": ""$[0].cardNumber""}, {""operator"": ""STRING_EQUALS"", ""expected"": [""593""], ""path_to_actual"": ""$[0].cvc""}, {""operator"": ""STRING_EQUALS"", ""expected"": [""10/30""], ""path_to_actual"": ""$[0].expiry""}, {""operator"": ""STRING_EQUALS"", ""paths_to_expected"": [""$.address.zipCode""], ""path_to_actual"": ""$[0].zipCode""}], ""path_to_actual"": ""$.user.currentUser.paymentMethods""}], ""extract_states_config"": {""expected_state_functions"": [{""args"": {""type"": ""house"", ""user"": ""quinn.kaufman24@dashdoor.test""}, ""function"": ""get_user_address""}]}}, ""template_id"": ""replace-payment-card""}","[""Payment & Checkout""]","[""Payment method management""]","[""Instruction following"", ""Form filling"", ""UI Elements: Text Fields""]",Log in using email 'quinn.kaufman24@dashdoor.test' and password 'W1WHLbA6RR3K'. Delete my current card details and add a new card 1511146328208842 with CVV 593 and expiry date October 2030. Use the zipcode of my current house address.,,,,
"{""task_id"": ""replace-payment-card-005"", ""start_url"": ""https://dashdoor.rlgym.turing.com/home"", ""task_statement"": ""Log in using email 'nora.nguyen25@mail.test' and password 'aM31d8gfXEsm'. Delete my current card details and add a new card 1250573709792084 with CVV 828 and expiry date October 2025. Use the zipcode of my current house address."", ""task_type"": ""GUI Comprehension, Action Execution, Information Retrieval"", ""simulator_config"": {""start_date"": ""today"", ""user_persona"": ""nora.nguyen25@mail.test""}, ""grader_config"": {""state_grader_configs"": [{""assertions"": [{""expected"": [""==1""], ""operator"": ""ARRAY_LENGTH_MATCH""}, {""operator"": ""STRING_EQUALS"", ""expected"": [""1250573709792084""], ""path_to_actual"": ""$[0].cardNumber""}, {""operator"": ""STRING_EQUALS"", ""expected"": [""828""], ""path_to_actual"": ""$[0].cvc""}, {""operator"": ""STRING_EQUALS"", ""expected"": [""10/25""], ""path_to_actual"": ""$[0].expiry""}, {""operator"": ""STRING_EQUALS"", ""paths_to_expected"": [""$.address.zipCode""], ""path_to_actual"": ""$[0].zipCode""}], ""path_to_actual"": ""$.user.currentUser.paymentMethods""}], ""extract_states_config"": {""expected_state_functions"": [{""args"": {""type"": ""house"", ""user"": ""nora.nguyen25@mail.test""}, ""function"": ""get_user_address""}]}}, ""template_id"": ""replace-payment-card""}","[""Payment & Checkout""]","[""Payment method management""]","[""Instruction following"", ""Form filling"", ""UI Elements: Text Fields""]",Log in using email 'nora.nguyen25@mail.test' and password 'aM31d8gfXEsm'. Delete my current card details and add a new card 1250573709792084 with CVV 828 and expiry date October 2025. Use the zipcode of my current house address.,,,,
"{""task_id"": ""rate-last-order-001"", ""start_url"": ""https://dashdoor.rlgym.turing.com/home"", ""task_statement"": ""Log in using email 'kai.kaufman26@inbox.local' and password 'oDJYlviXJxwM'. Rate my last order from Vietnamese Noodle Bar a 4 star because the Chocolate Lava Pots was fresh and packaging could be better."", ""task_type"": ""GUI Comprehension, Action Execution"", ""simulator_config"": {""start_date"": ""today"", ""user_persona"": ""kai.kaufman26@inbox.local""}, ""grader_config"": {""state_grader_configs"": [{""assertions"": [{""operator"": ""STRING_EQUALS"", ""path_to_actual"": ""$.vendorName"", ""expected"": [""Vietnamese Noodle Bar""]}, {""operator"": ""NUMERIC_MATCH"", ""path_to_actual"": ""$.rating"", ""expected"": [""==4""]}, {""operator"": ""STRING_CONTAINS"", ""path_to_actual"": ""$.content"", ""expected"": [""Chocolate Lava Pots"", ""fresh"", ""packaging could be better""]}], ""path_to_actual"": ""$.reviews.newReviews[0]""}], ""extract_states_config"": {""expected_state_functions"": [{""args"": {}, ""function"": ""get_user_address""}]}}, ""template_id"": ""rate-last-order""}","[""Ratings & Reviews""]","[""Review creation""]","[""Instruction following"", ""Text generation""]",Log in using email 'kai.kaufman26@inbox.local' and password 'oDJYlviXJxwM'. Rate my last order from Vietnamese Noodle Bar a 4 star because the Chocolate Lava Pots was fresh and packaging could be better.,,,,
"{""task_id"": ""rate-last-order-002"", ""start_url"": ""https://dashdoor.rlgym.turing.com/home"", ""task_statement"": ""Log in using email 'bella.fischer27@dashdoor.test' and password 'iByZzlcYLJg1'. Rate my last order from Buffalo Wild Wings a 1 star because the All-American Cheeseburger was late and bland."", ""task_type"": ""GUI Comprehension, Action Execution"", ""simulator_config"": {""start_date"": ""today"", ""user_persona"": ""bella.fischer27@dashdoor.test""}, ""grader_config"": {""state_grader_configs"": [{""assertions"": [{""operator"": ""STRING_EQUALS"", ""path_to_actual"": ""$.vendorName"", ""expected"": [""Buffalo Wild Wings""]}, {""operator"": ""NUMERIC_MATCH"", ""path_to_actual"": ""$.rating"", ""expected"": [""==1""]}, {""operator"": ""STRING_CONTAINS"", ""path_to_actual"": ""$.content"", ""expected"": [""All-American Cheeseburger"", ""late"", ""bland""]}], ""path_to_actual"": ""$.reviews.newReviews[0]""}], ""extract_states_config"": {""expected_state_functions"": [{""args"": {}, ""function"": ""get_user_address""}]}}, ""template_id"": ""rate-last-order""}","[""Ratings & Reviews""]","[""Review creation""]","[""Instruction following"", ""Text generation""]",Log in using email 'bella.fischer27@dashdoor.test' and password 'iByZzlcYLJg1'. Rate my last order from Buffalo Wild Wings a 1 star because the All-American Cheeseburger was late and bland.,,,,
"{""task_id"": ""rate-last-order-003"", ""start_url"": ""https://dashdoor.rlgym.turing.com/home"", ""task_statement"": ""Log in using email 'yuna.zimmerman28@dashdoor.test' and password 'iYWSnLJ2ki8z'. Rate my last order from Crimson Tavern a 4 star because the Sparkling Hibiscus Tea was tasty and slightly cold."", ""task_type"": ""GUI Comprehension, Action Execution"", ""simulator_config"": {""start_date"": ""today"", ""user_persona"": ""yuna.zimmerman28@dashdoor.test""}, ""grader_config"": {""state_grader_configs"": [{""assertions"": [{""operator"": ""STRING_EQUALS"", ""path_to_actual"": ""$.vendorName"", ""expected"": [""Crimson Tavern""]}, {""operator"": ""NUMERIC_MATCH"", ""path_to_actual"": ""$.rating"", ""expected"": [""==4""]}, {""operator"": ""STRING_CONTAINS"", ""path_to_actual"": ""$.content"", ""expected"": [""Sparkling Hibiscus Tea"", ""tasty"", ""slightly cold""]}], ""path_to_actual"": ""$.reviews.newReviews[0]""}], ""extract_states_config"": {""expected_state_functions"": [{""args"": {}, ""function"": ""get_user_address""}]}}, ""template_id"": ""rate-last-order""}","[""Ratings & Reviews""]","[""Review creation""]","[""Instruction following"", ""Text generation""]",Log in using email 'yuna.zimmerman28@dashdoor.test' and password 'iYWSnLJ2ki8z'. Rate my last order from Crimson Tavern a 4 star because the Sparkling Hibiscus Tea was tasty and slightly cold.,,,,
"{""task_id"": ""rate-last-order-004"", ""start_url"": ""https://dashdoor.rlgym.turing.com/home"", ""task_statement"": ""Log in using email 'diana.underwood29@mail.test' and password 'GbSwmOXpybPd'. Rate my last order from Panda Express a 4 star because the Fountain Drink was flavorful and packaging could be better."", ""task_type"": ""GUI Comprehension, Action Execution"", ""simulator_config"": {""start_date"": ""today"", ""user_persona"": ""diana.underwood29@mail.test""}, ""grader_config"": {""state_grader_configs"": [{""assertions"": [{""operator"": ""STRING_EQUALS"", ""path_to_actual"": ""$.vendorName"", ""expected"": [""Panda Express""]}, {""operator"": ""NUMERIC_MATCH"", ""path_to_actual"": ""$.rating"", ""expected"": [""==4""]}, {""operator"": ""STRING_CONTAINS"", ""path_to_actual"": ""$.content"", ""expected"": [""Fountain Drink"", ""flavorful"", ""packaging could be better""]}], ""path_to_actual"": ""$.reviews.newReviews[0]""}], ""extract_states_config"": {""expected_state_functions"": [{""args"": {}, ""function"": ""get_user_address""}]}}, ""template_id"": ""rate-last-order""}","[""Ratings & Reviews""]","[""Review creation""]","[""Instruction following"", ""Text generation""]",Log in using email 'diana.underwood29@mail.test' and password 'GbSwmOXpybPd'. Rate my last order from Panda Express a 4 star because the Fountain Drink was flavorful and packaging could be better.,,,,
"{""task_id"": ""rate-last-order-005"", ""start_url"": ""https://dashdoor.rlgym.turing.com/home"", ""task_statement"": ""Log in using email 'victor.turner30@dashdoor.test' and password '3EH6FEhcKtkE'. Rate my last order from Mexican Kitchen a 1 star because the Garlic Herb Fries was bland and dry."", ""task_type"": ""GUI Comprehension, Action Execution"", ""simulator_config"": {""start_date"": ""today"", ""user_persona"": ""victor.turner30@dashdoor.test""}, ""grader_config"": {""state_grader_configs"": [{""assertions"": [{""operator"": ""STRING_EQUALS"", ""path_to_actual"": ""$.vendorName"", ""expected"": [""Mexican Kitchen""]}, {""operator"": ""NUMERIC_MATCH"", ""path_to_actual"": ""$.rating"", ""expected"": [""==1""]}, {""operator"": ""STRING_CONTAINS"", ""path_to_actual"": ""$.content"", ""expected"": [""Garlic Herb Fries"", ""bland"", ""dry""]}], ""path_to_actual"": ""$.reviews.newReviews[0]""}], ""extract_states_config"": {""expected_state_functions"": [{""args"": {}, ""function"": ""get_user_address""}]}}, ""template_id"": ""rate-last-order""}","[""Ratings & Reviews""]","[""Review creation""]","[""Instruction following"", ""Text generation""]",Log in using email 'victor.turner30@dashdoor.test' and password '3EH6FEhcKtkE'. Rate my last order from Mexican Kitchen a 1 star because the Garlic Herb Fries was bland and dry.,,,,
"{""task_id"": ""clear-invalid-carts-001"", ""start_url"": ""https://dashdoor.rlgym.turing.com/home"", ""task_statement"": ""Log in using email 'lena.greene37@mail.test' and password 'u4MtdBcyxx9l'. I recently changed my address so remove all the carts from restaurants no longer in my area."", ""task_type"": ""GUI Comprehension, Action Execution, Decision Making, Element Identification"", ""simulator_config"": {""start_date"": ""today"", ""user_persona"": ""lena.greene37@mail.test""}, ""grader_config"": {""state_grader_configs"": [{""assertions"": [{""operator"": ""ARRAY_STRING_EQUALS"", ""path_to_actual"": ""$.carts[*].storeId"", ""paths_to_expected"": [""$.carts[*].storeId""]}]}], ""extract_states_config"": {""expected_state_functions"": [{""args"": {""user"": ""lena.greene37@mail.test""}, ""function"": ""get_user_address""}, {""args"": {""lat"": ""$[0].address.lat"", ""lng"": ""$[0].address.lng""}, ""function"": ""get_restaurants""}, {""args"": {""limit"": 1, ""filters"": {""restaurant_names"": ""$[1].restaurants[*].name""}}, ""function"": ""get_carts""}]}}, ""template_id"": ""clear-invalid-carts""}","[""Cart Management""]","[""Cart cleanup""]","[""Search and filtering"", ""Instruction following""]",Log in using email 'lena.greene37@mail.test' and password 'u4MtdBcyxx9l'. I recently changed my address so remove all the carts from restaurants no longer in my area.,,,,
"{""task_id"": ""clear-invalid-carts-002"", ""start_url"": ""https://dashdoor.rlgym.turing.com/home"", ""task_statement"": ""Log in using email 'milo.kaufman48@mail.test' and password 'Nx5MYjCPC1za'. I recently changed my address so remove all the carts from restaurants no longer in my area."", ""task_type"": ""GUI Comprehension, Action Execution, Decision Making, Element Identification"", ""simulator_config"": {""start_date"": ""today"", ""user_persona"": ""milo.kaufman48@mail.test""}, ""grader_config"": {""state_grader_configs"": [{""assertions"": [{""operator"": ""ARRAY_STRING_EQUALS"", ""path_to_actual"": ""$.carts[*].storeId"", ""paths_to_expected"": [""$.carts[*].storeId""]}]}], ""extract_states_config"": {""expected_state_functions"": [{""args"": {""user"": ""milo.kaufman48@mail.test""}, ""function"": ""get_user_address""}, {""args"": {""lat"": ""$[0].address.lat"", ""lng"": ""$[0].address.lng""}, ""function"": ""get_restaurants""}, {""args"": {""limit"": 1, ""filters"": {""restaurant_names"": ""$[1].restaurants[*].name""}}, ""function"": ""get_carts""}]}}, ""template_id"": ""clear-invalid-carts""}","[""Cart Management""]","[""Cart cleanup""]","[""Search and filtering"", ""Instruction following""]",Log in using email 'milo.kaufman48@mail.test' and password 'Nx5MYjCPC1za'. I recently changed my address so remove all the carts from restaurants no longer in my area.,,,,
"{""task_id"": ""clear-invalid-carts-003"", ""start_url"": ""https://dashdoor.rlgym.turing.com/home"", ""task_statement"": ""Log in using email 'isla.owens52@mail.test' and password 'fAIfAalRM8rU'. I recently changed my address so remove all the carts from restaurants no longer in my area."", ""task_type"": ""GUI Comprehension, Action Execution, Decision Making, Element Identification"", ""simulator_config"": {""start_date"": ""today"", ""user_persona"": ""isla.owens52@mail.test""}, ""grader_config"": {""state_grader_configs"": [{""assertions"": [{""operator"": ""ARRAY_STRING_EQUALS"", ""path_to_actual"": ""$.carts[*].storeId"", ""paths_to_expected"": [""$.carts[*].storeId""]}]}], ""extract_states_config"": {""expected_state_functions"": [{""args"": {""user"": ""isla.owens52@mail.test""}, ""function"": ""get_user_address""}, {""args"": {""lat"": ""$[0].address.lat"", ""lng"": ""$[0].address.lng""}, ""function"": ""get_restaurants""}, {""args"": {""limit"": 1, ""filters"": {""restaurant_names"": ""$[1].restaurants[*].name""}}, ""function"": ""get_carts""}]}}, ""template_id"": ""clear-invalid-carts""}","[""Cart Management""]","[""Cart cleanup""]","[""Search and filtering"", ""Instruction following""]",Log in using email 'isla.owens52@mail.test' and password 'fAIfAalRM8rU'. I recently changed my address so remove all the carts from restaurants no longer in my area.,,,,
"{""task_id"": ""clear-invalid-carts-004"", ""start_url"": ""https://dashdoor.rlgym.turing.com/home"", ""task_statement"": ""Log in using email 'jasper.bennett60@example.com' and password 'lKDmpUieSk4f'. I recently changed my address so remove all the carts from restaurants no longer in my area."", ""task_type"": ""GUI Comprehension, Action Execution, Decision Making, Element Identification"", ""simulator_config"": {""start_date"": ""today"", ""user_persona"": ""jasper.bennett60@example.com""}, ""grader_config"": {""state_grader_configs"": [{""assertions"": [{""operator"": ""ARRAY_STRING_EQUALS"", ""path_to_actual"": ""$.carts[*].storeId"", ""paths_to_expected"": [""$.carts[*].storeId""]}]}], ""extract_states_config"": {""expected_state_functions"": [{""args"": {""user"": ""jasper.bennett60@example.com""}, ""function"": ""get_user_address""}, {""args"": {""lat"": ""$[0].address.lat"", ""lng"": ""$[0].address.lng""}, ""function"": ""get_restaurants""}, {""args"": {""limit"": 1, ""filters"": {""restaurant_names"": ""$[1].restaurants[*].name""}}, ""function"": ""get_carts""}]}}, ""template_id"": ""clear-invalid-carts""}","[""Cart Management""]","[""Cart cleanup""]","[""Search and filtering"", ""Instruction following""]",Log in using email 'jasper.bennett60@example.com' and password 'lKDmpUieSk4f'. I recently changed my address so remove all the carts from restaurants no longer in my area.,,,,
"{""task_id"": ""clear-invalid-carts-005"", ""start_url"": ""https://dashdoor.rlgym.turing.com/home"", ""task_statement"": ""Log in using email 'diana.manning62@inbox.local' and password '3oOHPkSpbMlp'. I recently changed my address so remove all the carts from restaurants no longer in my area."", ""task_type"": ""GUI Comprehension, Action Execution, Decision Making, Element Identification"", ""simulator_config"": {""start_date"": ""today"", ""user_persona"": ""diana.manning62@inbox.local""}, ""grader_config"": {""state_grader_configs"": [{""assertions"": [{""operator"": ""ARRAY_STRING_EQUALS"", ""path_to_actual"": ""$.carts[*].storeId"", ""paths_to_expected"": [""$.carts[*].storeId""]}]}], ""extract_states_config"": {""expected_state_functions"": [{""args"": {""user"": ""diana.manning62@inbox.local""}, ""function"": ""get_user_address""}, {""args"": {""lat"": ""$[0].address.lat"", ""lng"": ""$[0].address.lng""}, ""function"": ""get_restaurants""}, {""args"": {""limit"": 1, ""filters"": {""restaurant_names"": ""$[1].restaurants[*].name""}}, ""function"": ""get_carts""}]}}, ""template_id"": ""clear-invalid-carts""}","[""Cart Management""]","[""Cart cleanup""]","[""Search and filtering"", ""Instruction following""]",Log in using email 'diana.manning62@inbox.local' and password '3oOHPkSpbMlp'. I recently changed my address so remove all the carts from restaurants no longer in my area.,,,,
"{""task_id"": ""replace-cart-item-001"", ""start_url"": ""https://dashdoor.rlgym.turing.com/home"", ""task_statement"": ""Log in using email 'nora.bennett66@example.com' and password '8Q9T6IMaVF3b'. I created a cart from Sushi Pantry not too long ago, replace one of the Toasted Farro Power Bowl with a Miso Glazed Salmon Tacos and place an order for 18:00-18:45 tomorrow."", ""task_type"": ""GUI Comprehension, Action Execution"", ""simulator_config"": {""start_date"": ""today"", ""user_persona"": ""nora.bennett66@example.com""}, ""grader_config"": {""state_grader_configs"": [{""assertions"": [{""operator"": ""ARRAY_STRING_EQUALS"", ""path_to_actual"": ""$.items[*].id"", ""paths_to_expected"": [""$.carts[0].items[*].id"", ""$.items[0].id""]}, {""operator"": ""NUMERIC_MATCH"", ""path_to_actual"": ""$.items[?(@.name == 'Toasted Farro Power Bowl')].quantity"", ""expected"": [""==1""]}, {""operator"": ""STRING_CONTAINS"", ""path_to_actual"": ""$.deliveryOption.deliveryTime"", ""paths_to_expected"": [""$.date""]}, {""operator"": ""STRING_CONTAINS"", ""path_to_actual"": ""$.deliveryOption.deliveryTime"", ""paths_to_expected"": [""$.slot""]}], ""path_to_actual"": ""$.orders[0]""}], ""extract_states_config"": {""expected_state_functions"": [{""function"": ""get_carts"", ""args"": {""limit"": 1, ""filters"": {""restaurant_names"": [""Sushi Pantry""]}}}, {""function"": ""get_items"", ""args"": {""limit"": 1, ""keywords"": [""Miso Glazed Salmon Tacos""], ""restaurant_id"": ""$[0].carts[0].storeId""}}, {""function"": ""get_date_N_days_from_today"", ""args"": {""days"": 1}}, {""function"": ""get_time_slot"", ""args"": {""time"": ""18:00-18:45""}}]}}, ""template_id"": ""replace-cart-item""}","[""Cart Management""]","[""Cart editing & item swaps"", ""Delivery scheduling""]","[""Cart manipulation"", ""Scheduling"", ""Order Placement""]","Log in using email 'nora.bennett66@example.com' and password '8Q9T6IMaVF3b'. I created a cart from Sushi Pantry not too long ago, replace one of the Toasted Farro Power Bowl with a Miso Glazed Salmon Tacos and place an order for 18:00-18:45 tomorrow.",,,,
"{""task_id"": ""replace-cart-item-002"", ""start_url"": ""https://dashdoor.rlgym.turing.com/home"", ""task_statement"": ""Log in using email 'talia.turner79@inbox.local' and password '497UOJOEhYaW'. I created a cart from Milo's Pantry not too long ago, replace one of the Crispy Chicken Bites with a Spicy Bulgogi Rice Bowl and place an order for 12:30-13:00 tomorrow."", ""task_type"": ""GUI Comprehension, Action Execution"", ""simulator_config"": {""start_date"": ""today"", ""user_persona"": ""talia.turner79@inbox.local""}, ""grader_config"": {""state_grader_configs"": [{""assertions"": [{""operator"": ""ARRAY_STRING_EQUALS"", ""path_to_actual"": ""$.items[*].id"", ""paths_to_expected"": [""$.carts[0].items[*].id"", ""$.items[0].id""]}, {""operator"": ""NUMERIC_MATCH"", ""path_to_actual"": ""$.items[?(@.name == 'Crispy Chicken Bites')].quantity"", ""expected"": [""==1""]}, {""operator"": ""STRING_CONTAINS"", ""path_to_actual"": ""$.deliveryOption.deliveryTime"", ""paths_to_expected"": [""$.date""]}, {""operator"": ""STRING_CONTAINS"", ""path_to_actual"": ""$.deliveryOption.deliveryTime"", ""paths_to_expected"": [""$.slot""]}], ""path_to_actual"": ""$.orders[0]""}], ""extract_states_config"": {""expected_state_functions"": [{""function"": ""get_carts"", ""args"": {""limit"": 1, ""filters"": {""restaurant_names"": [""Milo's Pantry""]}}}, {""function"": ""get_items"", ""args"": {""limit"": 1, ""keywords"": [""Spicy Bulgogi Rice Bowl""], ""restaurant_id"": ""$[0].carts[0].storeId""}}, {""function"": ""get_date_N_days_from_today"", ""args"": {""days"": 1}}, {""function"": ""get_time_slot"", ""args"": {""time"": ""12:30-13:00""}}]}}, ""template_id"": ""replace-cart-item""}","[""Cart Management""]","[""Cart editing & item swaps"", ""Delivery scheduling""]","[""Cart manipulation"", ""Scheduling"", ""Order Placement""]","Log in using email 'talia.turner79@inbox.local' and password '497UOJOEhYaW'. I created a cart from Milo's Pantry not too long ago, replace one of the Crispy Chicken Bites with a Spicy Bulgogi Rice Bowl and place an order for 12:30-13:00 tomorrow.",,,,
"{""task_id"": ""replace-cart-item-003"", ""start_url"": ""https://dashdoor.rlgym.turing.com/home"", ""task_statement"": ""Log in using email 'elias.sawyer80@example.com' and password '0LRrx4rS6scD'. I created a cart from Cedar Kitchen not too long ago, replace one of the Bourbon Glazed Pork Tenderloin with a Yuzu Lime Soda and place an order for 18:00-18:45 tomorrow."", ""task_type"": ""GUI Comprehension, Action Execution"", ""simulator_config"": {""start_date"": ""today"", ""user_persona"": ""elias.sawyer80@example.com""}, ""grader_config"": {""state_grader_configs"": [{""assertions"": [{""operator"": ""ARRAY_STRING_EQUALS"", ""path_to_actual"": ""$.items[*].id"", ""paths_to_expected"": [""$.carts[0].items[*].id"", ""$.items[0].id""]}, {""operator"": ""NUMERIC_MATCH"", ""path_to_actual"": ""$.items[?(@.name == 'Bourbon Glazed Pork Tenderloin')].quantity"", ""expected"": [""==1""]}, {""operator"": ""STRING_CONTAINS"", ""path_to_actual"": ""$.deliveryOption.deliveryTime"", ""paths_to_expected"": [""$.date""]}, {""operator"": ""STRING_CONTAINS"", ""path_to_actual"": ""$.deliveryOption.deliveryTime"", ""paths_to_expected"": [""$.slot""]}], ""path_to_actual"": ""$.orders[0]""}], ""extract_states_config"": {""expected_state_functions"": [{""function"": ""get_carts"", ""args"": {""limit"": 1, ""filters"": {""restaurant_names"": [""Cedar Kitchen""]}}}, {""function"": ""get_items"", ""args"": {""limit"": 1, ""keywords"": [""Yuzu Lime Soda""], ""restaurant_id"": ""$[0].carts[0].storeId""}}, {""function"": ""get_date_N_days_from_today"", ""args"": {""days"": 1}}, {""function"": ""get_time_slot"", ""args"": {""time"": ""18:00-18:45""}}]}}, ""template_id"": ""replace-cart-item""}","[""Cart Management""]","[""Cart editing & item swaps"", ""Delivery scheduling""]","[""Cart manipulation"", ""Scheduling"", ""Order Placement""]","Log in using email 'elias.sawyer80@example.com' and password '0LRrx4rS6scD'. I created a cart from Cedar Kitchen not too long ago, replace one of the Bourbon Glazed Pork Tenderloin with a Yuzu Lime Soda and place an order for 18:00-18:45 tomorrow.",,,,
"{""task_id"": ""replace-cart-item-004"", ""start_url"": ""https://dashdoor.rlgym.turing.com/home"", ""task_statement"": ""Log in using email 'nora.ingram110@dashdoor.test' and password 'zefRjP5UZ3Lj'. I created a cart from Desserts Table & Bakery not too long ago, replace one of the Comfort Roast Dinner Kit with a Mediterranean Mezze Spread and place an order for 11:00-11:30 tomorrow."", ""task_type"": ""GUI Comprehension, Action Execution"", ""simulator_config"": {""start_date"": ""today"", ""user_persona"": ""nora.ingram110@dashdoor.test""}, ""grader_config"": {""state_grader_configs"": [{""assertions"": [{""operator"": ""ARRAY_STRING_EQUALS"", ""path_to_actual"": ""$.items[*].id"", ""paths_to_expected"": [""$.carts[0].items[*].id"", ""$.items[0].id""]}, {""operator"": ""NUMERIC_MATCH"", ""path_to_actual"": ""$.items[?(@.name == 'Comfort Roast Dinner Kit')].quantity"", ""expected"": [""==1""]}, {""operator"": ""STRING_CONTAINS"", ""path_to_actual"": ""$.deliveryOption.deliveryTime"", ""paths_to_expected"": [""$.date""]}, {""operator"": ""STRING_CONTAINS"", ""path_to_actual"": ""$.deliveryOption.deliveryTime"", ""paths_to_expected"": [""$.slot""]}], ""path_to_actual"": ""$.orders[0]""}], ""extract_states_config"": {""expected_state_functions"": [{""function"": ""get_carts"", ""args"": {""limit"": 1, ""filters"": {""restaurant_names"": [""Desserts Table & Bakery""]}}}, {""function"": ""get_items"", ""args"": {""limit"": 1, ""keywords"": [""Mediterranean Mezze Spread""], ""restaurant_id"": ""$[0].carts[0].storeId""}}, {""function"": ""get_date_N_days_from_today"", ""args"": {""days"": 1}}, {""function"": ""get_time_slot"", ""args"": {""time"": ""11:00-11:30""}}]}}, ""template_id"": ""replace-cart-item""}","[""Cart Management""]","[""Cart editing & item swaps"", ""Delivery scheduling""]","[""Cart manipulation"", ""Scheduling"", ""Order Placement""]","Log in using email 'nora.ingram110@dashdoor.test' and password 'zefRjP5UZ3Lj'. I created a cart from Desserts Table & Bakery not too long ago, replace one of the Comfort Roast Dinner Kit with a Mediterranean Mezze Spread and place an order for 11:00-11:30 tomorrow.",,,,
"{""task_id"": ""replace-cart-item-005"", ""start_url"": ""https://dashdoor.rlgym.turing.com/home"", ""task_statement"": ""Log in using email 'omar.owens131@mail.test' and password 'SBQTWnVrxUBN'. I created a cart from Greek Bistro not too long ago, replace one of the Butter Noodle Bowl with a Mango Sticky Rice and place an order for 18:00-18:45 tomorrow."", ""task_type"": ""GUI Comprehension, Action Execution"", ""simulator_config"": {""start_date"": ""today"", ""user_persona"": ""omar.owens131@mail.test""}, ""grader_config"": {""state_grader_configs"": [{""assertions"": [{""operator"": ""ARRAY_STRING_EQUALS"", ""path_to_actual"": ""$.items[*].id"", ""paths_to_expected"": [""$.carts[0].items[*].id"", ""$.items[0].id""]}, {""operator"": ""NUMERIC_MATCH"", ""path_to_actual"": ""$.items[?(@.name == 'Butter Noodle Bowl')].quantity"", ""expected"": [""==1""]}, {""operator"": ""STRING_CONTAINS"", ""path_to_actual"": ""$.deliveryOption.deliveryTime"", ""paths_to_expected"": [""$.date""]}, {""operator"": ""STRING_CONTAINS"", ""path_to_actual"": ""$.deliveryOption.deliveryTime"", ""paths_to_expected"": [""$.slot""]}], ""path_to_actual"": ""$.orders[0]""}], ""extract_states_config"": {""expected_state_functions"": [{""function"": ""get_carts"", ""args"": {""limit"": 1, ""filters"": {""restaurant_names"": [""Greek Bistro""]}}}, {""function"": ""get_items"", ""args"": {""limit"": 1, ""keywords"": [""Mango Sticky Rice""], ""restaurant_id"": ""$[0].carts[0].storeId""}}, {""function"": ""get_date_N_days_from_today"", ""args"": {""days"": 1}}, {""function"": ""get_time_slot"", ""args"": {""time"": ""18:00-18:45""}}]}}, ""template_id"": ""replace-cart-item""}","[""Cart Management""]","[""Cart editing & item swaps"", ""Delivery scheduling""]","[""Cart manipulation"", ""Scheduling"", ""Order Placement""]","Log in using email 'omar.owens131@mail.test' and password 'SBQTWnVrxUBN'. I created a cart from Greek Bistro not too long ago, replace one of the Butter Noodle Bowl with a Mango Sticky Rice and place an order for 18:00-18:45 tomorrow.",,,,
"{""task_id"": ""low-calorie-order-001"", ""start_url"": ""https://dashdoor.rlgym.turing.com/home"", ""task_statement"": ""Log in using email 'isla.anderson31@example.com' and password 'gVK0lE89hxt9'. Lets order desserts from Harvest Tavern. But since I am on a diet make sure you pick the two different lowest calorie options. And also add Lemongrass Chicken Vermicelli for my nephew, keep the spice level Medium. Apply the NJC14OFF coupon. Use the card ending with 3808 for payment."", ""task_type"": ""GUI Comprehension, Action Execution, Decision Making, Element Identification, Multi-Step Task Planning"", ""simulator_config"": {""start_date"": ""today"", ""user_persona"": ""isla.anderson31@example.com""}, ""grader_config"": {""state_grader_configs"": [{""assertions"": [{""operator"": ""STRING_EQUALS"", ""paths_to_expected"": [""$.deal.id""]}], ""path_to_actual"": ""$.orders[0].appliedDeal.id""}, {""assertions"": [{""operator"": ""STRING_EQUALS"", ""paths_to_expected"": [""$.paymentMethod.lastFour""]}], ""path_to_actual"": ""$.orders[0].paymentCard.lastFour""}, {""assertions"": [{""operator"": ""ARRAY_STRING_EQUALS"", ""path_to_actual"": ""$.restaurantId"", ""paths_to_expected"": [""$.restaurants[0].id""]}, {""operator"": ""ARRAY_STRING_EQUALS"", ""path_to_actual"": ""$.items[*].name"", ""paths_to_expected"": [""$.items[*].name""]}, {""operator"": ""STRING_EQUALS"", ""path_to_actual"": ""$.items[?(@.name == 'Lemongrass Chicken Vermicelli')].modifications[0].options[0].optionName"", ""expected"": [""medium""]}, {""expected"": [""==3""], ""operator"": ""ARRAY_LENGTH_MATCH"", ""path_to_actual"": ""$.items[*]""}], ""path_to_actual"": ""$.orders[0]""}], ""extract_states_config"": {""expected_state_functions"": [{""args"": {""user"": ""isla.anderson31@example.com""}, ""function"": ""get_user_address""}, {""args"": {""promocode"": ""NJC14OFF""}, ""function"": ""get_deal""}, {""args"": {""lat"": ""$[0].address.lat"", ""lng"": ""$[0].address.lng"", ""limit"": 1, ""name"": ""Harvest Tavern""}, ""function"": ""get_restaurants""}, {""args"": {""limit"": 2, ""filters"": {""menu_categories"": [""desserts""]}, ""sort_type"": [{""key"": ""calories"", ""order"": ""asc""}], ""restaurant_id"": ""$[2].restaurants[0].id""}, ""function"": ""get_items""}, {""args"": {""limit"": 1, ""keywords"": [""Lemongrass""], ""restaurant_id"": ""$[2].restaurants[0].id""}, ""function"": ""get_items""}, {""args"": {""filters"": {""last_four_digits"": ""3808""}}, ""function"": ""get_user_payment_method""}]}}, ""template_id"": ""low-calorie-order""}","[""Menu Viewing""]","[""Diet & calorie filtering"", ""Item customization"", ""Coupon application""]","[""Search and filtering"", ""Decision making"", ""Order Placement""]","Log in using email 'isla.anderson31@example.com' and password 'gVK0lE89hxt9'. Lets order desserts from Harvest Tavern. But since I am on a diet make sure you pick the two different lowest calorie options. And also add Lemongrass Chicken Vermicelli for my nephew, keep the spice level Medium. Apply the NJC14OFF coupon. Use the card ending with 3808 for payment.",,,,
"{""task_id"": ""low-calorie-order-002"", ""start_url"": ""https://dashdoor.rlgym.turing.com/home"", ""task_statement"": ""Log in using email 'carlos.walsh32@dashdoor.test' and password '6aHNoiehEwLh'. Lets order desserts from Harvest Tavern. But since I am on a diet make sure you pick the two different lowest calorie options. And also add Lemongrass Chicken Vermicelli for my nephew, keep the spice level Sriracha. Apply the NJC14OFF coupon. Use the card ending with 4901 for payment."", ""task_type"": ""GUI Comprehension, Action Execution, Decision Making, Element Identification, Multi-Step Task Planning"", ""simulator_config"": {""start_date"": ""today"", ""user_persona"": ""carlos.walsh32@dashdoor.test""}, ""grader_config"": {""state_grader_configs"": [{""assertions"": [{""operator"": ""STRING_EQUALS"", ""paths_to_expected"": [""$.deal.id""]}], ""path_to_actual"": ""$.orders[0].appliedDeal.id""}, {""assertions"": [{""operator"": ""STRING_EQUALS"", ""paths_to_expected"": [""$.paymentMethod.lastFour""]}], ""path_to_actual"": ""$.orders[0].paymentCard.lastFour""}, {""assertions"": [{""operator"": ""ARRAY_STRING_EQUALS"", ""path_to_actual"": ""$.restaurantId"", ""paths_to_expected"": [""$.restaurants[0].id""]}, {""operator"": ""ARRAY_STRING_EQUALS"", ""path_to_actual"": ""$.items[*].name"", ""paths_to_expected"": [""$.items[*].name""]}, {""operator"": ""STRING_EQUALS"", ""path_to_actual"": ""$.items[?(@.name == 'Lemongrass Chicken Vermicelli')].modifications[0].options[0].optionName"", ""expected"": [""sriracha""]}, {""expected"": [""==3""], ""operator"": ""ARRAY_LENGTH_MATCH"", ""path_to_actual"": ""$.items[*]""}], ""path_to_actual"": ""$.orders[0]""}], ""extract_states_config"": {""expected_state_functions"": [{""args"": {""user"": ""carlos.walsh32@dashdoor.test""}, ""function"": ""get_user_address""}, {""args"": {""promocode"": ""NJC14OFF""}, ""function"": ""get_deal""}, {""args"": {""lat"": ""$[0].address.lat"", ""lng"": ""$[0].address.lng"", ""limit"": 1, ""name"": ""Harvest Tavern""}, ""function"": ""get_restaurants""}, {""args"": {""limit"": 2, ""filters"": {""menu_categories"": [""desserts""]}, ""sort_type"": [{""key"": ""calories"", ""order"": ""asc""}], ""restaurant_id"": ""$[2].restaurants[0].id""}, ""function"": ""get_items""}, {""args"": {""limit"": 1, ""keywords"": [""Lemongrass""], ""restaurant_id"": ""$[2].restaurants[0].id""}, ""function"": ""get_items""}, {""args"": {""filters"": {""last_four_digits"": ""4901""}}, ""function"": ""get_user_payment_method""}]}}, ""template_id"": ""low-calorie-order""}","[""Menu Viewing""]","[""Diet & calorie filtering"", ""Item customization"", ""Coupon application""]","[""Search and filtering"", ""Decision making"", ""Order Placement""]","Log in using email 'carlos.walsh32@dashdoor.test' and password '6aHNoiehEwLh'. Lets order desserts from Harvest Tavern. But since I am on a diet make sure you pick the two different lowest calorie options. And also add Lemongrass Chicken Vermicelli for my nephew, keep the spice level Sriracha. Apply the NJC14OFF coupon. Use the card ending with 4901 for payment.",,,,
"{""task_id"": ""low-calorie-order-003"", ""start_url"": ""https://dashdoor.rlgym.turing.com/home"", ""task_statement"": ""Log in using email 'isla.ingram33@dashdoor.test' and password '8FutShQVR3DC'. Lets order desserts from Diana's Market. But since I am on a diet make sure you pick the two different lowest calorie options. And also add Crispy Chicken Bites for my nephew, keep the spice level Hot. Apply the CC8OFF coupon. Use the card ending with 0543 for payment."", ""task_type"": ""GUI Comprehension, Action Execution, Decision Making, Element Identification, Multi-Step Task Planning"", ""simulator_config"": {""start_date"": ""today"", ""user_persona"": ""isla.ingram33@dashdoor.test""}, ""grader_config"": {""state_grader_configs"": [{""assertions"": [{""operator"": ""STRING_EQUALS"", ""paths_to_expected"": [""$.deal.id""]}], ""path_to_actual"": ""$.orders[0].appliedDeal.id""}, {""assertions"": [{""operator"": ""STRING_EQUALS"", ""paths_to_expected"": [""$.paymentMethod.lastFour""]}], ""path_to_actual"": ""$.orders[0].paymentCard.lastFour""}, {""assertions"": [{""operator"": ""ARRAY_STRING_EQUALS"", ""path_to_actual"": ""$.restaurantId"", ""paths_to_expected"": [""$.restaurants[0].id""]}, {""operator"": ""ARRAY_STRING_EQUALS"", ""path_to_actual"": ""$.items[*].name"", ""paths_to_expected"": [""$.items[*].name""]}, {""operator"": ""STRING_EQUALS"", ""path_to_actual"": ""$.items[?(@.name == 'Crispy Chicken Bites')].modifications[0].options[0].optionName"", ""expected"": [""hot""]}, {""expected"": [""==3""], ""operator"": ""ARRAY_LENGTH_MATCH"", ""path_to_actual"": ""$.items[*]""}], ""path_to_actual"": ""$.orders[0]""}], ""extract_states_config"": {""expected_state_functions"": [{""args"": {""user"": ""isla.ingram33@dashdoor.test""}, ""function"": ""get_user_address""}, {""args"": {""promocode"": ""CC8OFF""}, ""function"": ""get_deal""}, {""args"": {""lat"": ""$[0].address.lat"", ""lng"": ""$[0].address.lng"", ""limit"": 1, ""name"": ""Diana's Market""}, ""function"": ""get_restaurants""}, {""args"": {""limit"": 2, ""filters"": {""menu_categories"": [""desserts""]}, ""sort_type"": [{""key"": ""calories"", ""order"": ""asc""}], ""restaurant_id"": ""$[2].restaurants[0].id""}, ""function"": ""get_items""}, {""args"": {""limit"": 1, ""keywords"": [""Crispy""], ""restaurant_id"": ""$[2].restaurants[0].id""}, ""function"": ""get_items""}, {""args"": {""filters"": {""last_four_digits"": ""0543""}}, ""function"": ""get_user_payment_method""}]}}, ""template_id"": ""low-calorie-order""}","[""Menu Viewing""]","[""Diet & calorie filtering"", ""Item customization"", ""Coupon application""]","[""Search and filtering"", ""Decision making"", ""Order Placement""]","Log in using email 'isla.ingram33@dashdoor.test' and password '8FutShQVR3DC'. Lets order desserts from Diana's Market. But since I am on a diet make sure you pick the two different lowest calorie options. And also add Crispy Chicken Bites for my nephew, keep the spice level Hot. Apply the CC8OFF coupon. Use the card ending with 0543 for payment.",,,,
"{""task_id"": ""low-calorie-order-004"", ""start_url"": ""https://dashdoor.rlgym.turing.com/home"", ""task_statement"": ""Log in using email 'uma.diaz34@mail.test' and password '1ctgabuDAfIC'. Lets order desserts from Diana's Market. But since I am on a diet make sure you pick the two different lowest calorie options. And also add Crispy Chicken Bites for my nephew, keep the spice level Medium. Apply the CC8OFF coupon. Use the card ending with 0303 for payment."", ""task_type"": ""GUI Comprehension, Action Execution, Decision Making, Element Identification, Multi-Step Task Planning"", ""simulator_config"": {""start_date"": ""today"", ""user_persona"": ""uma.diaz34@mail.test""}, ""grader_config"": {""state_grader_configs"": [{""assertions"": [{""operator"": ""STRING_EQUALS"", ""paths_to_expected"": [""$.deal.id""]}], ""path_to_actual"": ""$.orders[0].appliedDeal.id""}, {""assertions"": [{""operator"": ""STRING_EQUALS"", ""paths_to_expected"": [""$.paymentMethod.lastFour""]}], ""path_to_actual"": ""$.orders[0].paymentCard.lastFour""}, {""assertions"": [{""operator"": ""ARRAY_STRING_EQUALS"", ""path_to_actual"": ""$.restaurantId"", ""paths_to_expected"": [""$.restaurants[0].id""]}, {""operator"": ""ARRAY_STRING_EQUALS"", ""path_to_actual"": ""$.items[*].name"", ""paths_to_expected"": [""$.items[*].name""]}, {""operator"": ""STRING_EQUALS"", ""path_to_actual"": ""$.items[?(@.name == 'Crispy Chicken Bites')].modifications[0].options[0].optionName"", ""expected"": [""medium""]}, {""expected"": [""==3""], ""operator"": ""ARRAY_LENGTH_MATCH"", ""path_to_actual"": ""$.items[*]""}], ""path_to_actual"": ""$.orders[0]""}], ""extract_states_config"": {""expected_state_functions"": [{""args"": {""user"": ""uma.diaz34@mail.test""}, ""function"": ""get_user_address""}, {""args"": {""promocode"": ""CC8OFF""}, ""function"": ""get_deal""}, {""args"": {""lat"": ""$[0].address.lat"", ""lng"": ""$[0].address.lng"", ""limit"": 1, ""name"": ""Diana's Market""}, ""function"": ""get_restaurants""}, {""args"": {""limit"": 2, ""filters"": {""menu_categories"": [""desserts""]}, ""sort_type"": [{""key"": ""calories"", ""order"": ""asc""}], ""restaurant_id"": ""$[2].restaurants[0].id""}, ""function"": ""get_items""}, {""args"": {""limit"": 1, ""keywords"": [""Crispy""], ""restaurant_id"": ""$[2].restaurants[0].id""}, ""function"": ""get_items""}, {""args"": {""filters"": {""last_four_digits"": ""0303""}}, ""function"": ""get_user_payment_method""}]}}, ""template_id"": ""low-calorie-order""}","[""Menu Viewing""]","[""Diet & calorie filtering"", ""Item customization"", ""Coupon application""]","[""Search and filtering"", ""Decision making"", ""Order Placement""]","Log in using email 'uma.diaz34@mail.test' and password '1ctgabuDAfIC'. Lets order desserts from Diana's Market. But since I am on a diet make sure you pick the two different lowest calorie options. And also add Crispy Chicken Bites for my nephew, keep the spice level Medium. Apply the CC8OFF coupon. Use the card ending with 0303 for payment.",,,,
"{""task_id"": ""low-calorie-order-005"", ""start_url"": ""https://dashdoor.rlgym.turing.com/home"", ""task_statement"": ""Log in using email 'hannah.sawyer35@mail.test' and password 'tRCGBugH6cVJ'. Lets order desserts from Boston Cantina. But since I am on a diet make sure you pick the two different lowest calorie options. And also add Crispy Chicken Bites for my nephew, keep the spice level Mild. Apply the BOSTONDRINK coupon. Use the card ending with 3969 for payment."", ""task_type"": ""GUI Comprehension, Action Execution, Decision Making, Element Identification, Multi-Step Task Planning"", ""simulator_config"": {""start_date"": ""today"", ""user_persona"": ""hannah.sawyer35@mail.test""}, ""grader_config"": {""state_grader_configs"": [{""assertions"": [{""operator"": ""STRING_EQUALS"", ""paths_to_expected"": [""$.deal.id""]}], ""path_to_actual"": ""$.orders[0].appliedDeal.id""}, {""assertions"": [{""operator"": ""STRING_EQUALS"", ""paths_to_expected"": [""$.paymentMethod.lastFour""]}], ""path_to_actual"": ""$.orders[0].paymentCard.lastFour""}, {""assertions"": [{""operator"": ""ARRAY_STRING_EQUALS"", ""path_to_actual"": ""$.restaurantId"", ""paths_to_expected"": [""$.restaurants[0].id""]}, {""operator"": ""ARRAY_STRING_EQUALS"", ""path_to_actual"": ""$.items[*].name"", ""paths_to_expected"": [""$.items[*].name""]}, {""operator"": ""STRING_EQUALS"", ""path_to_actual"": ""$.items[?(@.name == 'Crispy Chicken Bites')].modifications[0].options[0].optionName"", ""expected"": [""mild""]}, {""expected"": [""==3""], ""operator"": ""ARRAY_LENGTH_MATCH"", ""path_to_actual"": ""$.items[*]""}], ""path_to_actual"": ""$.orders[0]""}], ""extract_states_config"": {""expected_state_functions"": [{""args"": {""user"": ""hannah.sawyer35@mail.test""}, ""function"": ""get_user_address""}, {""args"": {""promocode"": ""BOSTONDRINK""}, ""function"": ""get_deal""}, {""args"": {""lat"": ""$[0].address.lat"", ""lng"": ""$[0].address.lng"", ""limit"": 1, ""name"": ""Boston Cantina""}, ""function"": ""get_restaurants""}, {""args"": {""limit"": 2, ""filters"": {""menu_categories"": [""desserts""]}, ""sort_type"": [{""key"": ""calories"", ""order"": ""asc""}], ""restaurant_id"": ""$[2].restaurants[0].id""}, ""function"": ""get_items""}, {""args"": {""limit"": 1, ""keywords"": [""Crispy""], ""restaurant_id"": ""$[2].restaurants[0].id""}, ""function"": ""get_items""}, {""args"": {""filters"": {""last_four_digits"": ""3969""}}, ""function"": ""get_user_payment_method""}]}}, ""template_id"": ""low-calorie-order""}","[""Menu Viewing""]","[""Diet & calorie filtering"", ""Item customization"", ""Coupon application""]","[""Search and filtering"", ""Decision making"", ""Order Placement""]","Log in using email 'hannah.sawyer35@mail.test' and password 'tRCGBugH6cVJ'. Lets order desserts from Boston Cantina. But since I am on a diet make sure you pick the two different lowest calorie options. And also add Crispy Chicken Bites for my nephew, keep the spice level Mild. Apply the BOSTONDRINK coupon. Use the card ending with 3969 for payment.",,,,
